{
  "model": "resnet",
  "accuracy": 0.776536312849162,
  "f1": 0.7770936797517314,
  "f1_per_class": [
    0.9433003476865472,
    0.5564719744150817,
    0.8452488687782805,
    0.7524045612295488
  ],
  "confusion_matrix": [
    [
      3527,
      44,
      48,
      86
    ],
    [
      111,
      1653,
      59,
      1150
    ],
    [
      81,
      280,
      1868,
      140
    ],
    [
      54,
      991,
      76,
      3794
    ]
  ],
  "class_names": [
    "NCG",
    "NNBE",
    "PCG",
    "PNBE"
  ]
}